k,n_k,n_k_plus1,j_start,j_end,critical_value_95,critical_value_99,mean,std,adjustment_factor,penalty_factor
1,141,200,59,100,87.83501244370235,93.59563022419843,47.40449531714396,11.360924499529023,1.3293793251414088,0.25
2,200,282,82,141,116.77345691891601,122.84323736855038,73.19155648368616,11.689205174273217,1.2943525056288687,0.25
3,282,400,118,200,170.05274357323506,178.19082602444138,122.570514726694,9.302175868273686,1.255282277186673,0.25
4,400,565,165,283,244.04792820281216,249.49835607869937,193.90811298489834,4.975380702802354,1.2081386527894244,0.25
5,565,800,235,400,338.4675977241051,351.4715285430069,282.07965152058216,6.749844736918934,1.147433458830053,0.25
6,800,1131,331,566,417.5160433318808,430.78546300916446,401.65841918981243,9.190752459260503,1.0,0.25
